{"prediction": 145.48696337564996}
{"prediction": 145.50752671706744}
{"prediction": 145.5}
{"prediction": 145.29833339825618}
{"prediction": 145.3590646044569}
{"prediction": 145.41206509118376}
{"prediction": 145.41561264484383}
{"prediction": 145.44325896374792}
{"prediction": 146.5538316229178}
{"prediction": 146.1536909200492}
{"prediction": 145.41897898077508}
{"prediction": 145.40737050278318}
{"prediction": 145.37469483339356}
{"prediction": 145.34779738139463}
{"prediction": 145.30476061294115}
{"prediction": 145.37435965634975}
{"prediction": 145.45151340195957}
{"prediction": 145.52985598386553}
{"prediction": 145.5983537562253}
{"prediction": 145.66686753713077}