{"prediction": 140.8116819453276}
{"prediction": 140.36784735615655}
{"prediction": 140.7702237086632}
{"prediction": 140.81422378739904}
{"prediction": 140.99741465231594}
{"prediction": 141.11478999189558}
{"prediction": 141.25131289820385}
{"prediction": 141.37224826538733}
{"prediction": 141.49225212228856}
{"prediction": 141.60558123319043}
{"prediction": 141.71489936869878}
{"prediction": 141.81938815592412}
{"prediction": 141.91965478568585}
{"prediction": 142.01570686031212}
{"prediction": 142.10778873243908}
{"prediction": 142.19603675504675}
{"prediction": 142.2806220028413}
{"prediction": 142.36169177396107}
{"prediction": 142.4393941273239}
{"prediction": 142.51386813102994}